{"cameraMode":{"drawMode":0,"name":"Shaded","section":"Shading Mode"},"sceneLighting":false,"audioPlay":false,"sceneViewState":{"showFog":true,"showMaterialUpdate":true,"showSkybox":false,"showFlares":true,"showImageEffects":true,"showParticleSystems":true},"in2DMode":false,"pivot":{"x":-2.421046257019043,"y":1.6463600397109986,"z":-3.0767714977264406},"rotation":{"x":-0.037776101380586627,"y":0.9177405834197998,"z":-0.09005125612020493,"w":-0.38498812913894656},"size":10.0,"orthographic":false}